{
  "retention_summary": {
    "Qwen2.5-0.5B_commonsense_0": 1.0,
    "Qwen2.5-0.5B_commonsense_50": 0.9464285714285715,
    "Qwen2.5-0.5B_commonsense_100": 0.9761904761904763,
    "Qwen2.5-0.5B_commonsense_200": 0.9702380952380952,
    "Qwen2.5-0.5B_commonsense_400": 0.9761904761904762,
    "Qwen2.5-0.5B_commonsense_800": 0.9583333333333334,
    "Qwen2.5-0.5B_commonsense_1600": 0.9583333333333334,
    "Qwen2.5-0.5B_factual_0": 1.0,
    "Qwen2.5-0.5B_factual_50": 1.0928270042194093,
    "Qwen2.5-0.5B_factual_100": 0.9620253164556961,
    "Qwen2.5-0.5B_factual_200": 0.9535864978902954,
    "Qwen2.5-0.5B_factual_400": 0.9535864978902954,
    "Qwen2.5-0.5B_factual_800": 0.9620253164556963,
    "Qwen2.5-0.5B_factual_1600": 0.9451476793248945,
    "Qwen2.5-0.5B_knowledge_0": 1.0,
    "Qwen2.5-0.5B_knowledge_50": 1.0222222222222221,
    "Qwen2.5-0.5B_knowledge_100": 0.9925925925925926,
    "Qwen2.5-0.5B_knowledge_200": 1.0074074074074073,
    "Qwen2.5-0.5B_knowledge_400": 1.0370370370370372,
    "Qwen2.5-0.5B_knowledge_800": 1.0,
    "Qwen2.5-0.5B_knowledge_1600": 0.9629629629629628,
    "Qwen2.5-0.5B_language_0": 1.0,
    "Qwen2.5-0.5B_language_50": 0.994750656167979,
    "Qwen2.5-0.5B_language_100": 0.9527559055118111,
    "Qwen2.5-0.5B_language_200": 1.0236220472440944,
    "Qwen2.5-0.5B_language_400": 0.9343832020997375,
    "Qwen2.5-0.5B_language_800": 0.9606299212598426,
    "Qwen2.5-0.5B_language_1600": 0.9921259842519685,
    "Qwen2.5-0.5B_reasoning_0": 1.0,
    "Qwen2.5-0.5B_reasoning_50": 0.6434108527131783,
    "Qwen2.5-0.5B_reasoning_100": 0.3023255813953489,
    "Qwen2.5-0.5B_reasoning_200": 0.5426356589147286,
    "Qwen2.5-0.5B_reasoning_400": 0.5503875968992248,
    "Qwen2.5-0.5B_reasoning_800": 0.4728682170542636,
    "Qwen2.5-0.5B_reasoning_1600": 0.6279069767441862,
    "Qwen2.5-1.5B_commonsense_0": 1.0,
    "Qwen2.5-1.5B_commonsense_50": 0.9427083333333334,
    "Qwen2.5-1.5B_commonsense_100": 1.0208333333333333,
    "Qwen2.5-1.5B_commonsense_200": 1.015625,
    "Qwen2.5-1.5B_commonsense_400": 0.9583333333333334,
    "Qwen2.5-1.5B_commonsense_800": 0.9739583333333334,
    "Qwen2.5-1.5B_commonsense_1600": 1.03125,
    "Qwen2.5-1.5B_factual_0": 1.0,
    "Qwen2.5-1.5B_factual_50": 1.048661800486618,
    "Qwen2.5-1.5B_factual_100": 1.0462287104622872,
    "Qwen2.5-1.5B_factual_200": 1.0145985401459854,
    "Qwen2.5-1.5B_factual_400": 0.9148418491484184,
    "Qwen2.5-1.5B_factual_800": 0.9051094890510948,
    "Qwen2.5-1.5B_factual_1600": 0.9051094890510948,
    "Qwen2.5-1.5B_knowledge_0": 1.0,
    "Qwen2.5-1.5B_knowledge_50": 1.0512820512820513,
    "Qwen2.5-1.5B_knowledge_100": 1.0085470085470085,
    "Qwen2.5-1.5B_knowledge_200": 1.0512820512820513,
    "Qwen2.5-1.5B_knowledge_400": 1.0427350427350426,
    "Qwen2.5-1.5B_knowledge_800": 1.0341880341880343,
    "Qwen2.5-1.5B_knowledge_1600": 1.0598290598290598,
    "Qwen2.5-1.5B_language_0": 1.0,
    "Qwen2.5-1.5B_language_50": 1.007462686567164,
    "Qwen2.5-1.5B_language_100": 1.0373134328358207,
    "Qwen2.5-1.5B_language_200": 1.019900497512438,
    "Qwen2.5-1.5B_language_400": 1.0223880597014923,
    "Qwen2.5-1.5B_language_800": 0.9800995024875622,
    "Qwen2.5-1.5B_language_1600": 0.9651741293532338,
    "Qwen2.5-1.5B_reasoning_0": 1.0,
    "Qwen2.5-1.5B_reasoning_50": 0.8380952380952379,
    "Qwen2.5-1.5B_reasoning_100": 0.7809523809523808,
    "Qwen2.5-1.5B_reasoning_200": 1.057142857142857,
    "Qwen2.5-1.5B_reasoning_400": 0.8190476190476189,
    "Qwen2.5-1.5B_reasoning_800": 0.7428571428571428,
    "Qwen2.5-1.5B_reasoning_1600": 0.8761904761904762,
    "Qwen2.5-3B_commonsense_0": 1.0,
    "Qwen2.5-3B_commonsense_50": 1.0102564102564102,
    "Qwen2.5-3B_commonsense_100": 1.0358974358974358,
    "Qwen2.5-3B_commonsense_200": 1.046153846153846,
    "Qwen2.5-3B_commonsense_400": 1.0256410256410255,
    "Qwen2.5-3B_commonsense_800": 1.0615384615384615,
    "Qwen2.5-3B_commonsense_1600": 1.046153846153846,
    "Qwen2.5-3B_factual_0": 1.0,
    "Qwen2.5-3B_factual_50": 1.0610021786492376,
    "Qwen2.5-3B_factual_100": 1.06318082788671,
    "Qwen2.5-3B_factual_200": 1.0544662309368193,
    "Qwen2.5-3B_factual_400": 0.9281045751633986,
    "Qwen2.5-3B_factual_800": 0.9259259259259259,
    "Qwen2.5-3B_factual_1600": 0.8649237472766885,
    "Qwen2.5-3B_knowledge_0": 1.0,
    "Qwen2.5-3B_knowledge_50": 0.9855072463768115,
    "Qwen2.5-3B_knowledge_100": 0.9782608695652173,
    "Qwen2.5-3B_knowledge_200": 0.9637681159420289,
    "Qwen2.5-3B_knowledge_400": 0.9782608695652173,
    "Qwen2.5-3B_knowledge_800": 0.9565217391304347,
    "Qwen2.5-3B_knowledge_1600": 0.9637681159420289,
    "Qwen2.5-3B_language_0": 1.0,
    "Qwen2.5-3B_language_50": 0.9855072463768115,
    "Qwen2.5-3B_language_100": 1.0120772946859902,
    "Qwen2.5-3B_language_200": 0.9927536231884057,
    "Qwen2.5-3B_language_400": 0.9613526570048309,
    "Qwen2.5-3B_language_800": 0.9637681159420289,
    "Qwen2.5-3B_language_1600": 0.9734299516908211,
    "Qwen2.5-3B_reasoning_0": 1.0,
    "Qwen2.5-3B_reasoning_50": 0.900709219858156,
    "Qwen2.5-3B_reasoning_100": 0.702127659574468,
    "Qwen2.5-3B_reasoning_200": 0.9645390070921986,
    "Qwen2.5-3B_reasoning_400": 0.7163120567375887,
    "Qwen2.5-3B_reasoning_800": 0.75177304964539,
    "Qwen2.5-3B_reasoning_1600": 0.6453900709219859
  },
  "transitions": [
    {
      "model": "Qwen2.5-0.5B",
      "learning_rate": 1e-05,
      "capability": "reasoning",
      "transition_step": 50,
      "previous_step": 0,
      "drop_magnitude": 0.5813953488372092,
      "retention_before": 1.0,
      "retention_after": 0.4186046511627907
    },
    {
      "model": "Qwen2.5-0.5B",
      "learning_rate": 1e-05,
      "capability": "reasoning",
      "transition_step": 800,
      "previous_step": 400,
      "drop_magnitude": 0.2325581395348837,
      "retention_before": 1.0465116279069768,
      "retention_after": 0.8139534883720931
    },
    {
      "model": "Qwen2.5-0.5B",
      "learning_rate": 5e-05,
      "capability": "reasoning",
      "transition_step": 50,
      "previous_step": 0,
      "drop_magnitude": 0.16279069767441856,
      "retention_before": 1.0,
      "retention_after": 0.8372093023255814
    },
    {
      "model": "Qwen2.5-0.5B",
      "learning_rate": 5e-05,
      "capability": "reasoning",
      "transition_step": 100,
      "previous_step": 50,
      "drop_magnitude": 0.5813953488372093,
      "retention_before": 0.8372093023255814,
      "retention_after": 0.2558139534883721
    },
    {
      "model": "Qwen2.5-0.5B",
      "learning_rate": 0.0001,
      "capability": "factual",
      "transition_step": 100,
      "previous_step": 50,
      "drop_magnitude": 0.240506329113924,
      "retention_before": 1.0759493670886076,
      "retention_after": 0.8354430379746836
    },
    {
      "model": "Qwen2.5-0.5B",
      "learning_rate": 0.0001,
      "capability": "factual",
      "transition_step": 200,
      "previous_step": 100,
      "drop_magnitude": 0.16455696202531644,
      "retention_before": 0.8354430379746836,
      "retention_after": 0.6708860759493671
    },
    {
      "model": "Qwen2.5-0.5B",
      "learning_rate": 0.0001,
      "capability": "language",
      "transition_step": 400,
      "previous_step": 200,
      "drop_magnitude": 0.27559055118110243,
      "retention_before": 1.0708661417322836,
      "retention_after": 0.7952755905511811
    },
    {
      "model": "Qwen2.5-0.5B",
      "learning_rate": 0.0001,
      "capability": "reasoning",
      "transition_step": 50,
      "previous_step": 0,
      "drop_magnitude": 0.3255813953488371,
      "retention_before": 1.0,
      "retention_after": 0.6744186046511629
    },
    {
      "model": "Qwen2.5-0.5B",
      "learning_rate": 0.0001,
      "capability": "reasoning",
      "transition_step": 100,
      "previous_step": 50,
      "drop_magnitude": 0.6279069767441862,
      "retention_before": 0.6744186046511629,
      "retention_after": 0.04651162790697675
    },
    {
      "model": "Qwen2.5-1.5B",